{"cameraMode":{"drawMode":0,"name":"Shaded","section":"Shading Mode"},"sceneLighting":false,"audioPlay":false,"sceneViewState":{"m_AlwaysRefresh":false,"showFog":true,"showSkybox":false,"showFlares":true,"showImageEffects":true,"showParticleSystems":true,"showVisualEffectGraphs":true,"m_FxEnabled":true},"in2DMode":false,"pivot":{"x":-28.792343139648439,"y":13.678426742553711,"z":-91.30535888671875},"rotation":{"x":0.06875398755073548,"y":0.07962661981582642,"z":0.005138563457876444,"w":-0.9945560693740845},"size":23.1010684967041,"orthographic":false}